{
  "project_info": {
    "project_number": "1016538959145",
    "project_id": "smart-journaling-98dc4",
    "storage_bucket": "smart-journaling-98dc4.firebasestorage.app"
  },
  "client": [
    {
      "client_info": {
        "mobilesdk_app_id": "1:1016538959145:android:f72d480c414ea1566efb38",
        "android_client_info": {
          "package_name": "com.journal.smartjournaling"
        }
      },
      "oauth_client": [],
      "api_key": [
        {
          "current_key": "AIzaSyCVXiTNEefAdcHXZ76TpJaRc5K2bOMHiIk"
        }
      ],
      "services": {
        "appinvite_service": {
          "other_platform_oauth_client": []
        }
      }
    }
  ],
  "configuration_version": "1"
}